ID,Target Pressure (bar)
0,0.944501586
1,0.506173244
2,0.306879583
3,0.027755633
4,0.384143689
5,0.633429161
6,0.482123723
7,0.931564891
8,0.625422636
9,0.514667701
10,0.152151778
11,0.186069529
12,0.307250728
13,0.893278694
14,0.803496963
15,0.27025071
16,0.810046803
17,0.554635061
18,0.685481658
19,0.184282613
20,0.950144353
21,0.885306779
22,0.542955676
23,0.608665094
24,0.801830513
25,0.290143947
26,0.20302085
27,0.239967743
28,0.538134422
29,0.477515081
30,0.673659142
31,0.371696113
32,0.752758089
33,0.19989211
34,0.819311118
35,0.537368796
36,0.800770086
37,0.258874836
38,0.692508328
39,0.782570443
40,0.716207763
41,0.872130722
42,0.960767584
43,0.079947717
44,0.689381651
45,0.993185869
46,0.246737154
47,0.161505639
48,0.86897332
49,0.166020624
50,0.807657452
51,0.326405388
52,0.759870765
53,0.369882152
54,0.960495137
55,0.993942842
56,0.09549705
57,0.051958073
58,0.805328126
59,0.655367376
60,0.755338259
61,0.844161991
62,0.887067896
63,0.336255577
64,0.636755583
65,0.955236772
66,0.084856661
67,0.936403598
68,0.688510981
69,0.546769335
70,0.101041403
71,0.828694539
72,0.490939767
73,0.169634106
74,0.527250214
75,0.542304702
76,0.309003999
77,0.966113322
78,0.801568653
79,0.20621983
80,0.184276508
81,0.797429882
82,0.596642758
83,0.577213897
84,0.594477395
85,0.895458029
86,0.345662481
87,0.799960449
88,0.150375883
89,0.425767372
90,0.354744525
91,0.815321613
92,0.966149991
93,0.187717987
94,0.591728441
95,0.063278288
96,0.303496196
97,0.224806771
98,0.80241899
99,0.011361961
100,0.625522241
101,0.051595221
102,0.070528673
103,0.378417865
104,0.103001048
105,0.979945667
106,0.050173359
107,0.765686748
108,0.076893669
109,0.917477057
110,0.83696106
111,0.066682481
112,0.063249298
113,0.014118752
114,0.049456939
115,0.041602722
116,0.309908665
117,0.740804773
118,0.857731895
119,0.539627135
120,0.679721923
121,0.093745084
122,0.591580086
123,0.694959535
124,0.949226745
125,0.845835771
126,0.276218643
127,0.504975146
128,0.336119218
129,0.404834207
130,0.545959435
131,0.375185947
132,0.067530781
133,0.841486
134,0.583429414
135,0.149442311
136,0.887017482
137,0.675931593
138,0.666816083
139,0.403749139
140,0.414565944
141,0.560623912
142,0.924045811
143,0.202380224
144,0.362059958
145,0.517197239
146,0.342915625
147,0.242041553
148,0.539038815
149,0.05999579
150,0.273452001
151,0.6388285
152,0.445458011
153,0.110676011
154,0.139432932
155,0.460004422
156,0.654014787
157,0.561226861
158,0.495668168
159,0.62682148
160,0.479067333
161,0.448161512
162,0.164988804
163,0.482980242
164,0.830696428
165,0.797751551
166,0.862557499
167,0.053841541
168,0.052584349
169,0.260388637
170,0.302749101
171,0.188235258
172,0.997078397
173,0.576084813
174,0.688910378
175,0.585763712
176,0.008886904
177,0.90048986
178,0.380841743
179,0.930738052
180,0.405845381
181,0.677242126
182,0.44696316
183,0.54900294
184,0.161211637
185,0.108453619
186,0.201389109
187,0.482683766
188,0.862215387
189,0.141172643
190,0.827803287
191,0.101292264
192,0.370006403
193,0.582196301
194,0.992393106
195,0.086903757
196,0.76255722
197,0.388443979
198,0.06087776
199,0.03714698
200,0.674396224
201,0.500628239
202,0.245221383
203,0.913035505
204,0.400685794
205,0.59593668
206,0.584014624
207,0.370911979
208,0.404600991
209,0.966535683
210,0.176045079
211,0.561267216
212,0.582826586
213,0.972782381
214,0.48482673
215,0.730725067
216,0.38527802
217,0.006816351
218,0.565635306
219,0.840073505
220,0.868445888
221,0.228417243
222,0.119674674
223,0.705315694
224,0.739905101
225,0.982982783
226,0.166322607
227,0.188545938
228,0.693108254
229,0.812625246
230,0.139996801
231,0.719054672
232,0.814400519
233,0.71689578
234,0.393371961
235,0.947007962
236,0.689235766
237,0.530175359
238,0.293826546
239,0.29300834
240,0.773318366
241,0.773527613
242,0.899377412
243,0.756081271
244,0.531035104
245,0.983355456
246,0.828164427
247,0.054535837
248,0.568890219
249,0.005329728
250,0.828372407
251,0.972244389
252,0.81821313
253,0.837719794
254,0.775088429
255,0.750045427
256,0.711548014
257,0.985384077
258,0.619073301
259,0.593179117
260,0.68028135
261,0.906437261
262,0.715113819
263,0.635299289
264,0.511618962
265,0.84086119
266,0.619952215
267,0.802374234
268,0.138609072
269,0.645746908
270,0.439407591
271,0.563097658
272,0.837148967
273,0.781600688
274,0.536655741
275,0.591848998
276,0.066674175
277,0.795130438
278,0.895754067
279,0.373120942
280,0.356025389
281,0.92804861
282,0.057846847
283,0.97542456
284,0.694692766
285,0.690153885
286,0.293164564
287,0.067897097
288,0.17003735
289,0.966960061
290,0.873742494
291,0.26861635
292,0.829360816
293,0.128532652
294,0.536872513
295,0.647379168
296,0.737722857
297,0.50578175
298,0.082066196
299,0.648504591
300,0.799527477
301,0.905052423
302,0.188018181
303,0.473676562
304,0.793480052
305,0.401621068
306,0.983458486
307,0.950172395
308,0.118017554
309,0.996864049
310,0.188685133
311,0.379169421
312,0.531643848
313,0.517324181
314,0.052236702
315,0.053296438
316,0.713822372
317,0.42320386
318,0.090706922
319,0.433506097
320,0.317454772
321,0.922564315
322,0.538108959
323,0.164688966
324,0.504035894
325,0.738472064
326,0.68880161
327,0.843762395
328,0.874758099
329,0.945389753
330,0.650771607
331,0.208803307
332,0.207997221
333,0.162050145
334,0.556702753
335,0.825783174
336,0.57020173
337,0.730156711
338,0.145815449
339,0.153453418
340,0.081886178
341,0.056711611
342,0.958769222
343,0.644341382
344,0.637540513
345,0.711329349
346,0.408398938
347,0.895979643
348,0.286376686
349,0.823405903
350,0.51787336
351,0.106273979
352,0.475937535
353,0.03735587
354,0.617275079
355,0.60083915
356,0.409951583
357,0.143752474
358,0.868276168
359,0.219376723
360,0.335597475
361,0.375211516
362,0.088083896
363,0.528075655
364,0.140432991
365,0.961782067
366,0.248164573
367,0.806905915
368,0.43330067
369,0.552819108
370,0.948542284
371,0.166972279
372,0.050516024
373,0.154328333
374,0.233139791
375,0.633647797
376,0.535770053
377,0.925992112
378,0.471291984
379,0.950739084
380,0.920143653
381,0.629910828
382,0.03185777
383,0.73265602
384,0.808099826
385,0.958373492
386,0.821222434
387,0.155047033
388,0.16550771
389,0.862260046
390,0.271424597
391,0.782454861
392,0.722288004
393,0.677043647
394,0.365031722
395,0.500639905
396,0.395035767
397,0.674964247
398,0.918044782
399,0.91780923
400,0.652190993
401,0.014692633
402,0.913092959
403,0.024146418
404,0.991381734
405,0.336015818
406,0.817300981
407,0.214077879
408,0.795000229
409,0.365535237
410,0.044533644
411,0.19548345
412,0.84367717
413,0.372790298
414,0.437461383
415,0.637272771
416,0.795652617
417,0.072350254
418,0.492444416
419,0.065000705
420,0.531875121
421,0.706654049
422,0.138086051
423,0.841712531
424,0.57578626
425,0.467847011
426,0.903794251
427,0.387069433
428,0.366276377
429,0.366189853
430,0.179385706
431,0.697896714
432,0.232987809
433,0.258687772
434,0.4197353
435,0.357994199
436,0.076669886
437,0.686798932
438,0.798122152
439,0.195435748
440,0.11816527
441,0.370241974
442,0.593264972
443,0.542039888
444,0.154177547
445,0.591304314
446,0.025454514
447,0.060087339
448,0.790156999
449,0.322350917
450,0.95433669
451,0.228984997
452,0.805691722
453,0.007413748
454,0.185494725
455,0.544622475
456,0.868594356
457,0.713971022
458,0.191814026
459,0.104889321
460,0.143736551
461,0.53151456
462,0.544245387
463,0.407049136
464,0.392401491
465,0.742695324
466,0.985376459
467,0.773039211
468,0.489047282
469,0.177253504
470,0.626079664
471,0.387964628
472,0.136003552
473,0.040613346
474,0.079097054
475,0.19955376
476,0.127970066
477,0.518218505
478,0.056362727
479,0.092322773
480,0.2310298
481,0.989310111
482,0.773742852
483,0.23950113
484,0.470612933
485,0.634262219
486,0.587607793
487,0.809876286
488,0.187467285
489,0.896615279
490,0.074205233
491,0.462925456
492,0.358623806
493,0.590869043
494,0.832497628
495,0.006897417
496,0.044675433
497,0.857467305
498,0.202055349
499,0.027547778
500,0.420722124
501,0.8462362
502,0.154021562
503,0.368506011
504,0.123980471
505,0.561154969
506,0.534658544
507,0.6213851
508,0.323341568
509,0.897705631
510,0.288589028
511,0.722352083
512,0.150381488
513,0.356615863
514,0.089919161
515,0.822549438
516,0.885473101
517,0.865846074
518,0.658842844
519,0.595439625
520,0.895064254
521,0.244851078
522,0.433563225
523,0.269305951
524,0.393798543
525,0.227616886
526,0.526499063
527,0.366344818
528,0.124840138
529,0.377967502
530,0.763270323
531,0.575377546
532,0.743379789
533,0.86013514
534,0.851378142
535,0.087588231
536,0.206777612
537,0.667635104
538,0.500530325
539,0.668027606
540,0.66019535
541,0.071349006
542,0.043591452
543,0.465042122
544,0.189432532
545,0.578284597
546,0.294483633
547,0.629850283
548,0.903912256
549,0.59192702
550,0.800004455
551,0.305223101
552,0.423479962
553,0.072246719
554,0.092664049
555,0.522619781
556,0.135896743
557,0.817092208
558,0.28440856
559,0.844780461
560,0.784830319
561,0.104829002
562,0.528851104
563,0.065619098
564,0.653519021
565,0.502430341
566,0.621769301
567,0.255576624
568,0.041050649
569,0.77674255
570,0.845803429
571,0.797147487
572,0.417595902
573,0.926248051
574,0.062615216
575,0.893183252
576,0.914032758
577,0.708543269
578,0.335070579
579,0.089507169
580,0.216044692
581,0.056220937
582,0.859360034
583,0.54549536
584,0.511801218
585,0.184752855
586,0.849533864
587,0.400347006
588,0.316620572
589,0.433039938
590,0.715379166
591,0.624025752
592,0.779631525
593,0.235173066
594,0.316258608
595,0.737181752
596,0.198544354
597,0.509470032
598,0.973395497
599,0.851986261
600,0.29116816
601,0.464268503
602,0.466810802
603,0.28686196
604,0.326707973
605,0.767283127
606,0.301057366
607,0.723476339
608,0.050160459
609,0.446972362
610,0.180003461
611,0.81369796
612,0.078280865
613,0.38124662
614,0.033359787
615,0.040926786
616,0.10368285
617,0.495652562
618,0.674461334
619,0.913466808
620,0.23144156
621,0.107382898
622,0.619540755
623,0.79545411
624,0.601007832
625,0.547012126
626,0.954580477
627,0.804701425
628,0.857698447
629,0.141548872
630,0.376012958
631,0.322821081
632,0.157898859
633,0.377995232
634,0.88696511
635,0.568810966
636,0.232452554
637,0.462983574
638,0.407505136
639,0.181922632
640,0.281806888
641,0.385027799
642,0.233462789
643,0.796384117
644,0.250359622
645,0.514031876
646,0.750516454
647,0.568395951
648,0.259513507
649,0.383118652
650,0.765902497
651,0.515590761
652,0.915992695
653,0.059243804
654,0.67104707
655,0.716828622
656,0.417348456
657,0.833199975
658,0.31859626
659,0.754008795
660,0.482977126
661,0.563038536
662,0.560423559
663,0.712824825
664,0.446962165
665,0.955404235
666,0.788332066
667,0.343931519
668,0.452232054
669,0.588945225
670,0.256413063
671,0.777988755
672,0.789703272
673,0.664650728
674,0.29614551
675,0.569378896
676,0.86586425
677,0.538890504
678,0.067056995
679,0.24896488
680,0.966145841
681,0.90139377
682,0.538119469
683,0.692166856
684,0.129418777
685,0.704378259
686,0.970081424
687,0.018328961
688,0.408347499
689,0.083376503
690,0.915802631
691,0.805026033
692,0.070073158
693,0.359072057
694,0.962659842
695,0.643057487
696,0.073469722
697,0.276793238
698,0.684811447
699,0.843483986
700,0.260709575
701,0.415421742
702,0.256294341
703,0.229825302
704,0.083730828
705,0.208431718
706,0.117741058
707,0.005584326
708,0.960149413
709,0.620115557
710,0.994681007
711,0.072076317
712,0.374937708
713,0.298766426
714,0.536715007
715,0.117828327
716,0.026624864
717,0.172366489
718,0.020615933
719,0.33785996
720,0.556858833
721,0.831598828
722,0.273929541
723,0.335455894
724,0.770423983
725,0.399535328
726,0.648388459
727,0.766440136
728,0.816361152
729,0.005175248
730,0.079309883
731,0.814644933
732,0.675341994
733,0.749232754
734,0.076497571
735,0.053438535
736,0.459464601
737,0.126778157
738,0.292685521
739,0.259618898
740,0.0926531
741,0.628468811
742,0.236035573
743,0.249936511
744,0.691880613
745,0.887718209
746,0.645492981
747,0.528888913
748,0.652041551
749,0.900992398
750,0.515703395
751,0.875522448
752,0.098007158
753,0.612363391
754,0.636495021
755,0.835626875
756,0.930037416
757,0.353482352
758,0.600096489
759,0.943135471
760,0.346515779
761,0.582137102
762,0.828424981
763,0.185842003
764,0.131025059
765,0.302012524
766,0.805530348
767,0.797535572
768,0.628117508
769,0.242003389
770,0.415555747
771,0.159178818
772,0.78857893
773,0.774654828
774,0.527767234
775,0.259316295
776,0.737299453
777,0.303238495
778,0.151774414
779,0.822724337
780,0.150669979
781,0.040678279
782,0.606747999
783,0.671612275
784,0.112654443
785,0.691867137
786,0.697417183
787,0.353338399
788,0.124526405
789,0.945432923
790,0.063355541
791,0.405926976
792,0.198895633
793,0.123295484
794,0.898869232
795,0.034114213
796,0.757132475
797,0.10994885
798,0.90977697
799,0.03141923
800,0.905885578
801,0.477290663
802,0.641053931
803,0.589406389
804,0.076342111
805,0.172322242
806,0.301627251
807,0.704641462
808,0.784501882
809,0.469954183
810,0.809162716
811,0.561002329
812,0.721670994
813,0.969975479
814,0.532493323
815,0.318963819
816,0.23686901
817,0.710749226
818,0.822410747
819,0.266673949
820,0.599773738
821,0.469372492
822,0.297599829
823,0.355849527
824,0.733418315
825,0.599971965
826,0.929951072
827,0.548073562
828,0.368166236
829,0.6056017
830,0.242957892
831,0.399758114
832,0.474795791
833,0.669249031
834,0.787544637
835,0.066053947
836,0.460023835
837,0.633224764
838,0.57675754
839,0.176486844
840,0.594014666
841,0.24661219
842,0.382144433
843,0.635241549
844,0.184939533
845,0.187080479
846,0.997078475
847,0.747676806
848,0.886374463
849,0.84896182
850,0.667416614
851,0.702423469
852,0.488182466
853,0.364785938
854,0.103413532
855,0.057145833
856,0.397739816
857,0.422825227
858,0.186297922
859,0.385016627
860,0.22217004
861,0.288381578
862,0.011757089
863,0.311294818
864,0.522756729
865,0.292177771
866,0.354328796
867,0.206124969
868,0.099028551
869,0.901655895
870,0.602869691
871,0.102252588
872,0.636526585
873,0.519191752
874,0.71844729
875,0.459669381
876,0.648461871
877,0.348716642
878,0.269197264
879,0.641554398
880,0.811911418
881,0.317669458
882,0.454591704
883,0.368138825
884,0.537244939
885,0.662407564
886,0.246502714
887,0.36126198
888,0.732771531
889,0.918075065
890,0.183751946
891,0.019434692
892,0.704194569
893,0.899080131
894,0.501085127
895,0.79541817
896,0.768244777
897,0.681380208
898,0.145913558
899,0.648450453
900,0.674895662
901,0.603090357
902,0.393578164
903,0.640715639
904,0.867618736
905,0.078877498
906,0.111177529
907,0.365130124
908,0.035504917
909,0.769573408
910,0.408840839
911,0.822362239
912,0.255101485
913,0.696575176
914,0.62697506
915,0.725651008
916,0.025845293
917,0.19006454
918,0.426208245
919,0.376823824
920,0.646623257
921,0.376682189
922,0.503906869
923,0.850930326
924,0.009167075
925,0.725172054
926,0.892956178
927,0.592577697
928,0.106538476
929,0.183213452
930,0.58961337
931,0.456518936
932,0.748290839
933,0.33571406
934,0.379934991
935,0.794789147
936,0.209755404
937,0.354866419
938,0.901569706
939,0.788643088
940,0.985348482
941,0.340942423
942,0.751637792
943,0.436814317
944,0.863312572
945,0.755703073
946,0.916467209
947,0.48441549
948,0.38170392
949,0.641744267
950,0.85662593
951,0.156112376
952,0.604413548
953,0.805226002
954,0.823285737
955,0.389437925
956,0.822099834
957,0.126428396
958,0.256019054
959,0.656188256
960,0.719577459
961,0.342081768
962,0.470226316
963,0.608342516
964,0.343355082
965,0.53977676
966,0.642624831
967,0.599687422
968,0.444564825
969,0.165042885
970,0.802990623
971,0.223636908
972,0.623574918
973,0.042810445
974,0.275541169
975,0.127528581
976,0.994389395
977,0.266331499
978,0.381905569
979,0.950325405
980,0.47989567
981,0.362694457
982,0.26082491
983,0.286079314
984,0.782274312
985,0.403637765
986,0.962146217
987,0.165598684
988,0.046661308
989,0.443566088
990,0.009300738
991,0.05732345
992,0.477075108
993,0.552419017
994,0.68087311
995,0.447622991
996,0.779554972
997,0.366260827
998,0.638294607
999,0.184231629
1000,0.982135129
1001,0.044374489
1002,0.075021362
1003,0.742125166
1004,0.80128435
1005,0.699933739
1006,0.054837452
1007,0.060603585
1008,0.226556365
1009,0.014276687
1010,0.458736656
1011,0.791288178
1012,0.312891869
1013,0.386407182
1014,0.607700857
1015,0.008140732
1016,0.554989843
1017,0.441669208
1018,0.526529827
1019,0.101725659
1020,0.427235635
1021,0.707728364
1022,0.104452262
1023,0.522215481
1024,0.111173156
1025,0.489580027
1026,0.550378921
1027,0.592935356
1028,0.871752328
1029,0.242845979
1030,0.622963304
1031,0.932113441
1032,0.307223516
1033,0.544669424
1034,0.504560496
1035,0.387780157
1036,0.639767856
1037,0.366668041
1038,0.260481709
1039,0.880325005
1040,0.148110584
1041,0.279071099
1042,0.556878218
1043,0.517693814
1044,0.606472594
1045,0.519662479
1046,0.226658284
1047,0.253761415
1048,0.400540221
1049,0.428875707
1050,0.333736208
1051,0.17448537
1052,0.991716129
1053,0.803223918
1054,0.721235479
1055,0.496956956
1056,0.775926822
1057,0.896212761
1058,0.812048408
1059,0.624648732
1060,0.057478654
1061,0.703527092
1062,0.793756407
1063,0.751828271
1064,0.254654831
1065,0.180899376
1066,0.727402363
1067,0.369122818
1068,0.083648748
1069,0.81096813
1070,0.952809803
1071,0.655000683
1072,0.204950477
1073,0.627500264
1074,0.549551528
1075,0.483765019
1076,0.87438747
1077,0.520322192
1078,0.757948261
1079,0.065689088
1080,0.210141213
1081,0.038680648
1082,0.06241023
1083,0.507934033
1084,0.632944866
1085,0.470987045
1086,0.475817775
1087,0.73349373
1088,0.573725759
1089,0.12069935
1090,0.7078045
1091,0.626795522
1092,0.386975228
1093,0.221444521
1094,0.740300538
1095,0.569700227
1096,0.339690303
1097,0.832506031
1098,0.843363818
1099,0.7533442
1100,0.593268963
1101,0.598194652
1102,0.158243059
1103,0.649835009
1104,0.229245963
1105,0.425801218
1106,0.082848603
1107,0.30294813
1108,0.540372907
1109,0.81844288
1110,0.568649228
1111,0.781690203
1112,0.220257137
1113,0.453756637
1114,0.448340334
1115,0.411728457
1116,0.393494731
1117,0.566778682
1118,0.24177226
1119,0.779812941
1120,0.03175449
1121,0.712559852
1122,0.901142178
1123,0.09304697
1124,0.221904214
1125,0.396283627
1126,0.427036271
1127,0.515690742
1128,0.655222731
1129,0.05454188
1130,0.981907347
1131,0.36616258
1132,0.125206568
1133,0.686116528
1134,0.808210999
1135,0.618101796
1136,0.237855467
1137,0.673619573
1138,0.535922559
1139,0.903486063
1140,0.475404177
1141,0.067125495
1142,0.060482048
1143,0.369972474
1144,0.69973213
1145,0.505255671
1146,0.763767612
1147,0.44428654
1148,0.88797911
1149,0.613194056
1150,0.304522979
1151,0.391652109
1152,0.405361479
1153,0.552770117
1154,0.738861293
1155,0.276455122
1156,0.172057271
1157,0.984766723
1158,0.114867523
1159,0.196109702
1160,0.667774158
1161,0.834950448
1162,0.025064662
1163,0.675888038
1164,0.447940889
1165,0.977592923
1166,0.563919277
1167,0.55048046
1168,0.821126169
1169,0.420754287
1170,0.856055523
1171,0.33710692
1172,0.630426911
1173,0.187703023
1174,0.49381115
1175,0.494813998
1176,0.142872879
1177,0.951897084
1178,0.90857213
1179,0.649764234
1180,0.382314622
1181,0.837969743
1182,0.81712296
1183,0.691855473
1184,0.900147627
1185,0.723262409
1186,0.261324145
1187,0.733547369
1188,0.338998511
1189,0.599868785
1190,0.919954842
1191,0.662943301
1192,0.943832647
1193,0.183364786
1194,0.737723893
1195,0.750478472
1196,0.700957638
1197,0.316944069
1198,0.440942225
1199,0.759380388
1200,0.268499603
1201,0.452945548
1202,0.142647588
1203,0.235710594
1204,0.959955274
1205,0.351261259
1206,0.194112143
1207,0.203207424
1208,0.513776734
1209,0.347304357
1210,0.391950765
1211,0.671105179
1212,0.08747966
1213,0.518683938
1214,0.796348091
1215,0.797339208
1216,0.504248597
1217,0.678198624
1218,0.08105894
1219,0.058455799
1220,0.01738336
1221,0.317772858
1222,0.88695524
1223,0.589881735
1224,0.535874552
1225,0.689645444
1226,0.357387443
1227,0.958289147
1228,0.287815669
1229,0.896364942
1230,0.731516615
1231,0.369463284
1232,0.160100711
1233,0.473381013
1234,0.606506538
1235,0.461503398
1236,0.077726175
1237,0.183822635
1238,0.23073974
1239,0.946005132
1240,0.657164216
1241,0.798330557
1242,0.734455202
1243,0.944417929
1244,0.367573107
1245,0.059750305
1246,0.853619914
1247,0.451981635
1248,0.809754782
1249,0.191565318
1250,0.152708356
1251,0.397237229
1252,0.074143
1253,0.535255255
1254,0.779783534
1255,0.762616801
1256,0.082748555
1257,0.145547022
1258,0.683967089
1259,0.433143329
1260,0.008155392
1261,0.135181123
1262,0.479711756
1263,0.665376352
1264,0.995886587
1265,0.807584221
1266,0.928739988
1267,0.329567568
1268,0.504880025
1269,0.3422312
1270,0.160278544
1271,0.250223645
1272,0.968866687
1273,0.204726803
1274,0.692402455
1275,0.720560338
1276,0.898801557
1277,0.531677345
1278,0.780883968
1279,0.554469827
1280,0.988890143
1281,0.859144447
1282,0.443883546
1283,0.920925509
1284,0.080129359
1285,0.29104549
1286,0.613835516
1287,0.9960384
1288,0.096301753
1289,0.861855177
1290,0.702808178
1291,0.378205537
1292,0.532046575
1293,0.972146862
1294,0.51757744
1295,0.005757419
1296,0.092472641
1297,0.453310522
1298,0.072195344
1299,0.705317797
1300,0.106505956
1301,0.677837714
1302,0.125924604
1303,0.763730287
1304,0.627249621
1305,0.132623387
1306,0.324136068
1307,0.334203698
1308,0.259400271
1309,0.701085774
1310,0.7360722
1311,0.358654232
1312,0.43762503
1313,0.167649331
1314,0.769241958
1315,0.615148071
1316,0.12515466
1317,0.713923523
1318,0.293436941
1319,0.197503367
1320,0.921386856
1321,0.970779975
1322,0.80109253
1323,0.323518748
1324,0.551825698
1325,0.857113112
1326,0.47954088
1327,0.089927723
1328,0.089380224
1329,0.918940358
1330,0.47018489
1331,0.3304942
1332,0.270819828
1333,0.606657058
1334,0.628071529
1335,0.97962213
1336,0.879944492
1337,0.311261245
1338,0.426459905
1339,0.384504934
1340,0.767198249
1341,0.887824473
1342,0.42304709
1343,0.253379297
1344,0.667955486
1345,0.3152689
1346,0.958626975
1347,0.212868323
1348,0.446169925
1349,0.452391167
1350,0.948719186
1351,0.430738318
1352,0.797433869
1353,0.215863904
1354,0.634911755
1355,0.890462025
1356,0.972039731
1357,0.532900893
1358,0.55138272
1359,0.445956547
1360,0.926516006
1361,0.112476991
1362,0.948213732
1363,0.2615501
1364,0.098022377
1365,0.188359332
1366,0.495088826
1367,0.967902433
1368,0.30526822
1369,0.264265988
1370,0.866906784
1371,0.747572878
1372,0.67083678
1373,0.533051119
1374,0.68074546
1375,0.712623304
1376,0.151357493
1377,0.392634874
1378,0.705447538
1379,0.849594267
1380,0.996627968
1381,0.156034678
1382,0.716142269
1383,0.855728967
1384,0.525953844
1385,0.647821823
1386,0.148219553
1387,0.270173539
1388,0.833941169
1389,0.482412217
1390,0.524873988
1391,0.086328766
1392,0.865783792
1393,0.967032333
1394,0.724125
1395,0.13105333
1396,0.901367562
1397,0.784424097
1398,0.432088742
1399,0.94043814
1400,0.864700442
1401,0.850597232
1402,0.939726056
1403,0.920566478
1404,0.277763044
1405,0.753387948
1406,0.211223588
1407,0.305334925
1408,0.331740031
1409,0.331445673
1410,0.543851844
1411,0.672314525
1412,0.681991449
1413,0.649913751
1414,0.171254976
1415,0.820401017
1416,0.05430916
1417,0.100373713
1418,0.012131804
1419,0.397885002
1420,0.426292703
1421,0.224838338
1422,0.1175394
1423,0.564598156
1424,0.46405368
1425,0.670289721
1426,0.017141973
1427,0.416721759
1428,0.438639388
1429,0.892722782
1430,0.514078978
1431,0.084967508
1432,0.581604801
1433,0.639263153
1434,0.196904046
1435,0.491146975
1436,0.333178121
1437,0.387417446
1438,0.82060908
1439,0.370023767
1440,0.123891873
1441,0.407322241
1442,0.942637959
1443,0.860411118
1444,0.234382888
1445,0.354960402
1446,0.456259337
1447,0.949255607
1448,0.503700724
1449,0.010204016
1450,0.651973174
1451,0.611215874
1452,0.617709855
1453,0.211137129
1454,0.674011274
1455,0.199901274
1456,0.901347588
1457,0.7738782
1458,0.807710111
1459,0.507074675
1460,0.830452632
1461,0.927021114
1462,0.096289375
1463,0.517850736
1464,0.756962775
1465,0.93571006
1466,0.927749833
1467,0.613829639
1468,0.2053699
1469,0.832662653
1470,0.900193648
1471,0.694254985
1472,0.387948554
1473,0.385881497
1474,0.920467447
1475,0.619301977
1476,0.668242784
1477,0.656068186
1478,0.032083247
1479,0.250843547
1480,0.162823195
1481,0.356613833
1482,0.140587572
1483,0.421996626
1484,0.248998699
1485,0.007450223
1486,0.907771228
1487,0.801538793
1488,0.272025521
1489,0.068238282
1490,0.151275598
1491,0.932906979
1492,0.615800337
1493,0.784466523
1494,0.601244229
1495,0.365565563
1496,0.733364643
1497,0.356058052
1498,0.164260403
1499,0.540812405
1500,0.419803671
1501,0.454618138
1502,0.050307561
1503,0.782708363
1504,0.724642632
1505,0.474565954
1506,0.809144844
1507,0.348760204
1508,0.722472824
1509,0.241318387
1510,0.082017644
1511,0.402036045
1512,0.2719046
1513,0.534989006
1514,0.111223806
1515,0.533245618
1516,0.214606866
1517,0.273676653
1518,0.485335718
1519,0.411384639
1520,0.66285477
1521,0.390886684
1522,0.889385515
1523,0.770940396
1524,0.140206967
1525,0.985058338
1526,0.835428692
1527,0.190256599
1528,0.908990313
1529,0.239464539
1530,0.490914845
1531,0.71848629
1532,0.077855357
1533,0.83849593
1534,0.192912934
1535,0.439955476
1536,0.957992714
1537,0.209652065
1538,0.698549369
1539,0.600975223
1540,0.351053059
1541,0.827288827
1542,0.558880398
1543,0.889668987
1544,0.115894692
1545,0.92461274
1546,0.303731431
1547,0.451285643
1548,0.681811605
1549,0.112403963
1550,0.586912422
1551,0.218849515
1552,0.201605578
1553,0.264948426
1554,0.070065155
1555,0.52410143
1556,0.628745335
1557,0.222255896
1558,0.447169213
1559,0.629475415
1560,0.049023154
1561,0.112153667
1562,0.314356222
1563,0.309962577
1564,0.376495094
1565,0.85229957
1566,0.474688713
1567,0.539763095
1568,0.349624337
1569,0.806150405
1570,0.862904876
1571,0.285845615
1572,0.3056311
1573,0.843880352
1574,0.465618934
1575,0.262537834
1576,0.010778723
1577,0.207125847
1578,0.746331814
1579,0.571302792
1580,0.089644087
1581,0.276028033
1582,0.861055581
1583,0.45112575
1584,0.307385824
1585,0.193585679
1586,0.937534597
1587,0.061936778
1588,0.887951043
1589,0.84538934
1590,0.667795989
1591,0.746787902
1592,0.212700439
1593,0.536059049
1594,0.48602027
1595,0.405748833
1596,0.794975259
1597,0.244157721
1598,0.791892359
1599,0.073749186
1600,0.988168273
1601,0.449171043
1602,0.599461507
1603,0.907474418
1604,0.417210199
1605,0.67287263
1606,0.32478928
1607,0.327928615
1608,0.110379024
1609,0.841818945
1610,0.626537664
1611,0.856929572
1612,0.360083577
1613,0.781357052
1614,0.854721993
1615,0.62940191
1616,0.130466656
1617,0.838261983
1618,0.445980396
1619,0.730292439
1620,0.552802513
1621,0.168110931
1622,0.46413297
1623,0.946975743
1624,0.635280127
1625,0.791309994
1626,0.870989936
1627,0.462567493
1628,0.324898469
1629,0.267750665
1630,0.298575124
1631,0.979596313
1632,0.046621662
1633,0.505744578
1634,0.318046737
1635,0.063003694
1636,0.967783054
1637,0.192029945
1638,0.089803249
1639,0.922689174
1640,0.17182333
1641,0.96576151
1642,0.022407422
1643,0.454475634
1644,0.414132527
1645,0.97859172
1646,0.635763397
1647,0.799595155
1648,0.056468442
1649,0.561631211
1650,0.824879599
1651,0.169981163
1652,0.077504124
1653,0.670752683
1654,0.198588541
1655,0.332101716
1656,0.154955914
1657,0.893188444
1658,0.981842112
1659,0.027753302
1660,0.060832315
1661,0.975410828
1662,0.275236216
1663,0.409264764
1664,0.006489265
1665,0.019046133
1666,0.546726739
1667,0.064403206
1668,0.089817537
1669,0.636362853
1670,0.758044074
1671,0.574462357
1672,0.99095334
1673,0.757315609
1674,0.820751548
1675,0.502857408
1676,0.230006175
1677,0.356091198
1678,0.662285224
1679,0.889731257
1680,0.171745275
1681,0.957433619
1682,0.849157276
1683,0.405445295
1684,0.602534742
1685,0.295819475
1686,0.778619399
1687,0.702094676
1688,0.843785541
1689,0.324414349
1690,0.772700566
1691,0.570916101
1692,0.988951118
1693,0.037413117
1694,0.547231849
1695,0.086310625
1696,0.599792139
1697,0.480616895
1698,0.540380026
1699,0.180421337
1700,0.139404406
1701,0.865333159
1702,0.107520627
1703,0.324928063
1704,0.848027155
1705,0.157885964
1706,0.261537409
1707,0.513733804
1708,0.721852562
1709,0.175147222
1710,0.940842078
1711,0.476516834
1712,0.61828351
1713,0.234536897
1714,0.157674904
1715,0.736213355
1716,0.182001051
1717,0.470322639
1718,0.707999319
1719,0.862446468
1720,0.719594795
1721,0.473936954
1722,0.01065858
1723,0.6791991
1724,0.669719832
1725,0.866829268
1726,0.632756183
1727,0.226245216
1728,0.256501939
1729,0.926341995
1730,0.338812163
1731,0.465330254
1732,0.480042098
1733,0.045019058
1734,0.59614749
1735,0.214653411
1736,0.04250933
1737,0.322172405
1738,0.547341059
1739,0.753018033
1740,0.13972963
1741,0.846463613
1742,0.297717334
1743,0.645943388
1744,0.993321769
1745,0.048974918
1746,0.003185612
1747,0.099839398
1748,0.375426278
1749,0.995590797
1750,0.109138536
1751,0.807516195
1752,0.012538875
1753,0.075244263
1754,0.365424037
1755,0.286686277
1756,0.672303486
1757,0.378426103
1758,0.217580836
1759,0.066709158
1760,0.097663886
1761,0.047997576
1762,0.354658247
1763,0.771901442
1764,0.129095691
1765,0.629420473
1766,0.159541313
1767,0.359442515
1768,0.945418616
1769,0.767966711
1770,0.395158951
1771,0.614711884
1772,0.515653712
1773,0.395214962
1774,0.133500154
1775,0.652134775
1776,0.067226371
1777,0.133648899
1778,0.020883436
1779,0.268064035
1780,0.256273965
1781,0.104555387
1782,0.430763267
1783,0.863832418
1784,0.523687575
1785,0.80566462
1786,0.741913328
1787,0.471716099
1788,0.664783329
1789,0.847850743
1790,0.588915819
1791,0.621961898
1792,0.060318588
1793,0.839657587
1794,0.265919423
1795,0.633599797
1796,0.438343268
1797,0.280357461
1798,0.850832386
1799,0.022048237
1800,0.864387852
1801,0.883448226
1802,0.607957205
1803,0.512819265
1804,0.401277626
1805,0.194396049
1806,0.592095347
1807,0.790636143
1808,0.568301653
1809,0.979567468
1810,0.170176547
1811,0.271067999
1812,0.520651368
1813,0.611963168
1814,0.993881769
1815,0.991269337
1816,0.729387411
1817,0.106543595
1818,0.690997284
1819,0.903902268
1820,0.523364582
1821,0.977658618
1822,0.121118168
1823,0.060964763
1824,0.305035341
1825,0.913697016
1826,0.732639364
1827,0.361080057
1828,0.425517276
1829,0.210506336
1830,0.992701894
1831,0.372726858
1832,0.569333076
1833,0.558054675
1834,0.74546693
1835,0.377773261
1836,0.213380814
1837,0.294733936
1838,0.249906783
1839,0.283002767
1840,0.852564086
1841,0.588735923
1842,0.290468864
1843,0.483779815
1844,0.227353576
1845,0.56742965
1846,0.065443776
1847,0.338143078
1848,0.041547347
1849,0.739691223
1850,0.559911685
1851,0.352632628
1852,0.387157667
1853,0.322989016
1854,0.622036743
1855,0.437720628
1856,0.126238352
1857,0.915347011
1858,0.784827334
1859,0.857588931
1860,0.649893045
1861,0.218089172
1862,0.82069211
1863,0.722964158
1864,0.336828537
1865,0.933930166
1866,0.841117786
1867,0.881103602
1868,0.934820302
1869,0.783745983
1870,0.458706245
1871,0.33648111
1872,0.591425873
1873,0.355282476
1874,0.106010538
1875,0.225911145
1876,0.073503724
1877,0.252379793
1878,0.155583872
1879,0.584907134
1880,0.83647754
1881,0.71722921
1882,0.875515902
1883,0.142682901
1884,0.010842574
1885,0.925738087
1886,0.137800429
1887,0.80906119
1888,0.253540542
1889,0.64233817
1890,0.278010611
1891,0.851682901
1892,0.295742731
1893,0.025390207
1894,0.099606826
1895,0.478531374
1896,0.438022559
1897,0.188485284
1898,0.14836585
1899,0.765387557
1900,0.686717409
1901,0.751403191
1902,0.172722326
1903,0.545381484
1904,0.324632019
1905,0.21551772
1906,0.845383219
1907,0.914102339
1908,0.154090735
1909,0.129445245
1910,0.151155413
1911,0.527109031
1912,0.496181992
1913,0.10285384
1914,0.957873649
1915,0.797296143
1916,0.398684008
1917,0.151378355
1918,0.184426551
1919,0.651199008
1920,0.575370729
1921,0.071621366
1922,0.431857675
1923,0.561774001
1924,0.803302134
1925,0.734929651
1926,0.716200727
1927,0.605606778
1928,0.62923855
1929,0.420975312
1930,0.830193298
1931,0.878795135
1932,0.081081372
1933,0.565889878
1934,0.808433072
1935,0.573034274
1936,0.798422543
1937,0.298869988
1938,0.724602328
1939,0.200037683
1940,0.765357026
1941,0.564452544
1942,0.094427355
1943,0.031054338
1944,0.260419175
1945,0.627744394
1946,0.145299796
1947,0.327592674
1948,0.44730549
1949,0.48946711
1950,0.385389885
1951,0.477560703
1952,0.428858048
1953,0.069104364
1954,0.238795771
1955,0.286764326
1956,0.438185119
1957,0.162149664
1958,0.465752232
1959,0.081242643
1960,0.577774671
1961,0.71233372
1962,0.371438632
1963,0.122996934
1964,0.466185365
1965,0.768488945
1966,0.485649084
1967,0.354949848
1968,0.270414113
1969,0.291195459
1970,0.100438807
1971,0.086050468
1972,0.911190961
1973,0.852434609
1974,0.432204493
1975,0.721128297
1976,0.29731086
1977,0.646073098
1978,0.800565346
1979,0.673343497
1980,0.577469152
1981,0.887950153
1982,0.631076591
1983,0.879550479
1984,0.533036807
1985,0.734013344
1986,0.382986593
1987,0.589941193
1988,0.887320386
1989,0.263428272
1990,0.848337368
1991,0.571776428
1992,0.750343174
1993,0.600998266
1994,0.054141139
1995,0.480761251
1996,0.771901327
1997,0.599092146
1998,0.569950871
1999,0.691874603
2000,0.666191339
2001,0.409803754
2002,0.91992975
2003,0.81405409
2004,0.926383398
2005,0.710439605
2006,0.416713107
2007,0.90728033
2008,0.356684299
2009,0.093408198
2010,0.865217972
2011,0.7324111
2012,0.005506621
2013,0.976290548
2014,0.92196486
2015,0.395145101
2016,0.126987034
2017,0.880181576
2018,0.385745204
2019,0.66349385
2020,0.138436914
2021,0.113064713
2022,0.702693486
2023,0.915664036
2024,0.934607871
2025,0.197170727
2026,0.6824089
2027,0.043080223
2028,0.221229222
2029,0.444997228
2030,0.774088704
2031,0.959896821
2032,0.416555825
2033,0.677712361
2034,0.39452214
2035,0.628495797
2036,0.949632645
2037,0.595810296
2038,0.845256629
2039,0.329933983
2040,0.134123923
2041,0.190237441
2042,0.996743203
2043,0.746891013
2044,0.958648895
2045,0.218802351
2046,0.658233334
2047,0.968960076
2048,0.748087613
2049,0.193818566
2050,0.14354732
2051,0.30910052
2052,0.581863879
2053,0.929007623
2054,0.665962498
2055,0.822653061
2056,0.109611388
2057,0.528081005
2058,0.321281183
2059,0.496159744
2060,0.336952455
2061,0.512936898
2062,0.568258537
2063,0.510221643
2064,0.032690051
2065,0.468835057
2066,0.499226476
2067,0.922634893
2068,0.659657228
2069,0.807741673
2070,0.661593215
2071,0.423090221
2072,0.327208238
2073,0.351686703
2074,0.928905515
2075,0.865044401
2076,0.404392261
2077,0.107929679
2078,0.482964046
2079,0.285436514
2080,0.10925897
2081,0.358101159
2082,0.652428729
2083,0.715264823
2084,0.367522378
2085,0.821796259
2086,0.826786588
2087,0.178065921
2088,0.417582867
2089,0.495067402
2090,0.75793681
2091,0.531514293
2092,0.906763464
2093,0.869661405
2094,0.92480333
2095,0.556399093
2096,0.163317822
2097,0.827150907
2098,0.168929108
2099,0.256610301
2100,0.321687058
2101,0.610417129
2102,0.683713542
2103,0.738642638
2104,0.330396659
2105,0.731825135
2106,0.691210474
2107,0.240669017
2108,0.019514324
2109,0.651822254
2110,0.458664101
2111,0.248894698
2112,0.965672368
2113,0.678343293
2114,0.222179432
2115,0.090480555
2116,0.956482911
2117,0.765863457
2118,0.515819024
2119,0.972484885
2120,0.178186052
2121,0.388082178
2122,0.598072466
2123,0.573703314
2124,0.232206621
2125,0.61637519
2126,0.906937972
2127,0.239941066
2128,0.498220311
2129,0.014727582
2130,0.92156138
2131,0.996747503
2132,0.983234375
2133,0.578500127
2134,0.443229347
2135,0.305396651
2136,0.054052872
2137,0.95080834
2138,0.479173222
2139,0.953644173
2140,0.623688298
2141,0.043338589
2142,0.285403237
2143,0.682563758
2144,0.847208117
2145,0.570484141
2146,0.477080737
2147,0.634990165
2148,0.04038094
2149,0.363587751
2150,0.219699739
2151,0.443271535
2152,0.096307032
2153,0.308428246
2154,0.613765196
2155,0.325628075
2156,0.113491329
2157,0.687139961
2158,0.9106413
2159,0.873168379
2160,0.234475633
2161,0.931529835
2162,0.944672821
2163,0.462762286
2164,0.074814323
2165,0.449857223
2166,0.098976271
2167,0.671852191
2168,0.882003646
2169,0.837809352
2170,0.687564079
2171,0.882311106
2172,0.745721032
2173,0.797038842
2174,0.903585412
2175,0.333723338
2176,0.374357934
2177,0.233583888
2178,0.365673555
2179,0.31431856
2180,0.314775454
2181,0.649509456
2182,0.371657266
2183,0.053695579
2184,0.674278928
2185,0.522121503
2186,0.305931671
2187,0.827290592
2188,0.84063906
2189,0.637230293
2190,0.695456329
2191,0.595654182
2192,0.482381598
2193,0.92418435
2194,0.829799439
2195,0.588047478
2196,0.606355089
2197,0.345568823
2198,0.674959103
2199,0.847126982
2200,0.789414723
2201,0.880424505
2202,0.657198462
2203,0.683005549
2204,0.167767097
2205,0.006887835
2206,0.768143145
2207,0.491454142
2208,0.604672135
2209,0.891348824
2210,0.329828957
2211,0.00134795
2212,0.24734255
2213,0.985900376
2214,0.796032786
2215,0.015886655
2216,0.802079472
2217,0.06189341
2218,0.379977643
2219,0.260292421
2220,0.214690544
2221,0.550728881
2222,0.191944011
2223,0.081183486
2224,0.520037247
2225,0.535457562
2226,0.247719388
2227,0.295661489
2228,0.290798082
2229,0.871887546
2230,0.53734138
2231,0.731903065
2232,0.130147432
2233,0.568782636
2234,0.718013251
2235,0.656255365
2236,0.804750118
2237,0.268063889
2238,0.195774572
2239,0.93619528
2240,0.592483089
2241,0.148117891
2242,0.089016162
2243,0.383833929
2244,0.760176209
2245,0.501180894
2246,0.774050471
2247,0.533678658
2248,0.19912077
2249,0.265294001
2250,0.309206803
2251,0.318390829
2252,0.648463584
2253,0.865971186
2254,0.157841861
2255,0.100867854
2256,0.293885831
2257,0.599898636
2258,0.960485691
2259,0.761455247
2260,0.856611029
2261,0.795998631
2262,0.304650847
2263,0.301411518
2264,0.73596193
2265,0.689807967
2266,0.907705852
2267,0.132407678
2268,0.018804662
2269,0.070848002
2270,0.644170101
2271,0.356087913
2272,0.347740843
2273,0.626934628
2274,0.784269628
2275,0.69571957
2276,0.671725339
2277,0.744310771
2278,0.600957812
2279,0.822860788
2280,0.968908339
2281,0.163692205
2282,0.873290927
2283,0.078660738
2284,0.934621979
2285,0.491807536
2286,0.162355336
2287,0.040097821
2288,0.530248529
2289,0.913643448
2290,0.18603252
2291,0.059521881
2292,0.973144591
2293,0.170543304
2294,0.533045767
2295,0.966872893
2296,0.593168505
2297,0.962761361
2298,0.65703722
2299,0.859761782
2300,0.964897811
2301,0.877957794
2302,0.904502292
2303,0.980923579
2304,0.541837195
2305,0.205910706
2306,0.052288592
2307,0.701818116
2308,0.630259268
2309,0.09754867
2310,0.032627979
2311,0.244356549
2312,0.602297596
2313,0.222564827
2314,0.031470255
2315,0.608869401
2316,0.480842747
2317,0.497062335
2318,0.423015566
2319,0.653567657
2320,0.030569917
2321,0.471221257
2322,0.296267471
2323,0.710999574
2324,0.206930513
2325,0.743883358
2326,0.418500296
2327,0.343122251
2328,0.465254016
2329,0.270923922
2330,0.013064003
2331,0.233501643
2332,0.109487492
2333,0.010420322
2334,0.127675726
2335,0.918486659
2336,0.927278349
2337,0.832188084
2338,0.92249129
2339,0.073503694
2340,0.467548441
2341,0.030346958
2342,0.428469548
2343,0.160089557
2344,0.340966108
2345,0.003934445
2346,0.539498971
2347,0.268186396
2348,0.149075489
2349,0.343153659
2350,0.702045379
2351,0.488100016
2352,0.039862108
2353,0.58128617
2354,0.640491209
2355,0.379332451
2356,0.692221673
2357,0.043923027
2358,0.595142275
2359,0.012675751
2360,0.22274918
2361,0.637865224
2362,0.290691747
2363,0.872755637
2364,0.334594842
2365,0.525751894
2366,0.124204836
2367,0.227815286
2368,0.32673028
2369,0.111395805
2370,0.984229202
2371,0.297290737
2372,0.817163676
2373,0.941062103
2374,0.318129033
2375,0.268675617
2376,0.327044895
2377,0.850116042
2378,0.736266318
2379,0.207606636
2380,0.700382052
2381,0.450079741
2382,0.114799509
2383,0.4047014
2384,0.485637226
2385,0.314258354
2386,0.436210288
2387,0.062875714
2388,0.823345729
2389,0.604084954
2390,0.473992531
2391,0.889911589
2392,0.30779321
2393,0.078533205
2394,0.846679304
2395,0.233789098
2396,0.205554549
2397,0.993748806
2398,0.641578491
2399,0.669758353
2400,0.651145017
2401,0.349881607
2402,0.397565877
2403,0.751391771
2404,0.255343275
2405,0.068733183
2406,0.763550797
2407,0.914110528
2408,0.476210439
2409,0.496192181
2410,0.831253572
2411,0.133187262
2412,0.343309832
2413,0.748649384
2414,0.54033036
2415,0.007159023
2416,0.503177568
2417,0.655583209
2418,0.912510152
2419,0.098395947
2420,0.004753964
2421,0.872792794
2422,0.755521243
2423,0.210257763
2424,0.563155223
2425,0.038038049
2426,0.058469615
2427,0.353774774
2428,0.166408683
2429,0.13539217
2430,0.397223143
2431,0.179573921
2432,0.350412313
2433,0.537075122
2434,0.068413359
2435,0.014203512
2436,0.447492436
2437,0.614588882
2438,0.543674669
2439,0.541535862
2440,0.874284698
2441,0.822743916
2442,0.266998242
2443,0.016349834
2444,0.27418417
2445,0.909401707
2446,0.994549753
2447,0.495905716
2448,0.131628726
2449,0.584900292
2450,0.447468767
2451,0.63269261
2452,0.077850111
2453,0.918216463
2454,0.697257026
2455,0.266205131
2456,0.012059875
2457,0.037141988
2458,0.674790291
2459,0.360940494
2460,0.755355192
2461,0.494708086
2462,0.664180847
2463,0.216574526
2464,0.554825038
2465,0.184906146
2466,0.026010155
2467,0.033901091
2468,0.099831909
2469,0.861971935
2470,0.471885633
2471,0.086105353
2472,0.204539676
2473,0.49174966
2474,0.467286232
2475,0.25717024
2476,0.726627033
2477,0.875313205
2478,0.281319196
2479,0.272989008
2480,0.983828573
2481,0.657736486
2482,0.045589318
2483,0.098273876
2484,0.576567511
2485,0.375289375
2486,0.116509236
2487,0.693225141
2488,0.012296799
2489,0.976722285
2490,0.195729634
2491,0.708604506
2492,0.960483885
2493,0.070400783
2494,0.439135496
2495,0.859515685
2496,0.829804984
2497,0.105297908
2498,0.663974485
2499,0.427510287
2500,0.852030731
2501,0.645106171
2502,0.747457644
2503,0.428688458
2504,0.877419607
2505,0.08912753
2506,0.503233825
2507,0.681662484
2508,0.113233675
2509,0.199958599
2510,0.27361968
2511,0.038016448
2512,0.225574558
2513,0.169142787
2514,0.956781506
2515,0.410706285
2516,0.962225631
2517,0.266765812
2518,0.717062053
2519,0.032392043
2520,0.56327429
2521,0.059257093
2522,0.042462945
2523,0.89217396
2524,0.691709321
2525,0.706441797
2526,0.293766318
2527,0.376037768
2528,0.817562962
2529,0.77664743
2530,0.731126904
2531,0.79011409
2532,0.695262325
2533,0.753048202
2534,0.325124978
2535,0.786721509
2536,0.416452981
2537,0.334844015
2538,0.662713495
2539,0.829280617
2540,0.454440978
2541,0.345705705
2542,0.459529311
2543,0.831744788
2544,0.780320133
2545,0.90755666
2546,0.929300403
2547,0.110093745
2548,0.626907405
2549,0.19756937
2550,0.790395136
2551,0.87133302
2552,0.462495207
2553,0.618540445
2554,0.35215113
2555,0.950402179
2556,0.412570766
2557,0.588218113
2558,0.66763146
2559,0.740814322
2560,0.609367962
2561,0.537781863
2562,0.391784608
2563,0.435769917
2564,0.306316531
2565,0.986038491
2566,0.946628373
2567,0.675423057
2568,0.078966581
2569,0.510122363
2570,0.888779683
2571,0.824741865
2572,0.09529987
2573,0.405452104
2574,0.630732655
2575,0.697361446
2576,0.868940522
2577,0.00056187
2578,0.336787492
2579,0.213483982
2580,0.991572459
2581,0.197113748
2582,0.341846874
2583,0.544497514
2584,0.651053056
2585,0.246574789
2586,0.631167798
2587,0.584642865
2588,0.931472671
2589,0.583608441
2590,0.854746143
2591,0.161957754
2592,0.795502888
2593,0.298687852
2594,0.99016852
2595,0.38842792
2596,0.751222941
2597,0.983301506
2598,0.533959611
2599,0.103451104
2600,0.967263968
2601,0.299678758
2602,0.740005679
2603,0.000894333
2604,0.270252232
2605,0.181604802
2606,0.512278827
2607,0.218746718
2608,0.667696155
2609,0.976703425
2610,0.448749064
2611,0.439099309
2612,0.186507472
2613,0.735654396
2614,0.393784134
2615,0.42945002
2616,0.986241118
2617,0.898303301
2618,0.721169142
2619,0.418913486
2620,0.749487921
2621,0.2813983
2622,0.171498894
2623,0.022469855
2624,0.704955474
2625,0.093638644
2626,0.234483398
2627,0.16773754
2628,0.25600334
2629,0.357106621
2630,0.329292917
2631,0.390006577
2632,0.591697769
2633,0.550227303
2634,0.806456169
2635,0.655809407
2636,0.532555475
2637,0.490733691
2638,0.613775683
2639,0.435883605
2640,0.216047415
2641,0.0603958
2642,0.156116649
2643,0.871771227
2644,0.122259525
2645,0.892063927
2646,0.624206454
2647,0.971881088
2648,0.220400707
2649,0.196472419
2650,0.287940361
2651,0.768005553
2652,0.893289632
2653,0.343516718
2654,0.766641689
2655,0.215785116
2656,0.985811604
2657,0.227348741
2658,0.720888965
2659,0.439719154
2660,0.383838552
2661,0.535630342
2662,0.64213888
2663,0.311696805
2664,0.348246814
2665,0.00138054
2666,0.066967794
2667,0.374710151
2668,0.408566418
2669,0.289956049
2670,0.112371145
2671,0.889672938
2672,0.810862237
2673,0.164194137
2674,0.758179508
2675,0.018939697
2676,0.056229705
2677,0.629407642
2678,0.603103077
2679,0.05243639
2680,0.878145774
2681,0.031434577
2682,0.694525433
2683,0.171804286
2684,0.527608516
2685,0.325844071
2686,0.364413507
2687,0.64109855
2688,0.641441996
2689,0.291670331
2690,0.262129843
2691,0.239889549
2692,0.827822398
2693,0.920747458
2694,0.211726243
2695,0.211931315
2696,0.682940091
2697,0.496797941
2698,0.030183022
2699,0.420354558
2700,0.620997944
2701,0.92992715
2702,0.407031364
2703,0.612590779
2704,0.680429618
2705,0.083188234
2706,0.218592926
2707,0.618365237
2708,0.822771061
2709,0.709944787
2710,0.099388327
2711,0.971764048
2712,0.968872212
2713,0.772411203
2714,0.698959999
2715,0.505759002
2716,0.214775834
2717,0.676998971
2718,0.531919317
2719,0.286279124
2720,0.088231684
2721,0.099701418
2722,0.118355243
2723,0.6080021
2724,0.549192941
2725,0.544490598
2726,0.039103249
2727,0.116042821
2728,0.633900488
2729,0.794987353
2730,0.536475412
2731,0.20265435
2732,0.588344973
2733,0.910518668
2734,0.332695357
2735,0.637483136
2736,0.861045766
2737,0.821240056
2738,0.757792604
2739,0.587687216
2740,0.547254363
2741,0.845464269
2742,0.737824553
2743,0.351992517
2744,0.934385901
2745,0.072833182
2746,0.1244159
2747,0.531578611
2748,0.952834679
2749,0.612907815
2750,0.985724351
2751,0.34874885
2752,0.682486211
2753,0.712860466
2754,0.446758868
2755,0.612469187
2756,0.329430782
2757,0.479794852
2758,0.966725561
2759,0.019519551
2760,0.643753343
2761,0.003598242
2762,0.212263937
2763,0.978551619
2764,0.447243039
2765,0.827355995
2766,0.197611913
2767,0.683586
2768,0.080843217
2769,0.523989516
2770,0.038258511
2771,0.570406139
2772,0.800930721
2773,0.854947311
2774,0.787700068
2775,0.105813802
2776,0.20558229
2777,0.441811965
2778,0.24531553
2779,0.393265583
2780,0.063947513
2781,0.079207092
2782,0.226482722
2783,0.848498656
2784,0.01527145
2785,0.893730081
2786,0.20822578
2787,0.375106224
2788,0.13738346
2789,0.517629317
2790,0.48061342
2791,0.296788317
2792,0.78667205
2793,0.03209707
2794,0.738498297
2795,0.627922869
2796,0.435047561
2797,0.905099546
2798,0.636474548
2799,0.265631065
2800,0.403459053
2801,0.221882465
2802,0.061572202
2803,0.87370356
2804,0.654177929
2805,0.963630491
2806,0.862877317
2807,0.774575539
2808,0.910005358
2809,0.298018869
2810,0.006210078
2811,0.312465119
2812,0.439523807
2813,0.897392325
2814,0.626881489
2815,0.410047065
2816,0.34906602
2817,0.910567696
2818,0.243349976
2819,0.784389605
2820,0.345796998
2821,0.51741045
2822,0.12124744
2823,0.314345058
2824,0.213127036
2825,0.445415006
2826,0.583581101
2827,0.950101393
2828,0.781245652
2829,0.242538462
2830,0.587727775
2831,0.418746115
2832,0.745034651
2833,0.682223243
2834,0.07705072
2835,0.359931598
2836,0.736823613
2837,0.643707075
2838,0.47340369
2839,0.295471366
2840,0.037035623
2841,0.7054554
2842,0.069985983
2843,0.032480379
2844,0.432042726
2845,0.711563411
2846,0.197856372
2847,0.993182671
2848,0.548732045
2849,0.714959392
2850,0.050937044
2851,0.17143005
2852,0.398018828
2853,0.993471323
2854,0.119232273
2855,0.670597826
2856,0.97819658
2857,0.43845379
2858,0.582252591
2859,0.195169919
2860,0.600490115
2861,0.471825237
2862,0.311945417
2863,0.272397936
2864,0.445226323
2865,0.303056198
2866,0.08161023
2867,0.701889594
2868,0.759447114
2869,0.792616201
2870,0.043890899
2871,0.658145714
2872,0.169156648
2873,0.103487378
2874,0.26767033
2875,0.08241457
2876,0.49105686
2877,0.503251682
2878,0.920146413
2879,0.975829326
2880,0.156139262
2881,0.94025421
2882,0.443740965
2883,0.944989335
2884,0.620267586
2885,0.171643093
2886,0.16845375
2887,0.342252667
2888,0.226694137
2889,0.105157041
2890,0.871341897
2891,0.281051477
2892,0.368522951
2893,0.986667125
2894,0.085387728
2895,0.384138874
2896,0.336480562
2897,0.630739021
2898,0.222430635
2899,0.532775028
2900,0.337282238
2901,0.228150107
2902,0.804123429
2903,0.243547906
2904,0.565408899
2905,0.677059848
2906,0.384299339
2907,0.994689981
2908,0.115325836
2909,0.539560371
2910,0.777439529
2911,0.792287538
2912,0.84448417
2913,0.085431075
2914,0.011826246
2915,0.028090559
2916,0.564033686
2917,0.287997633
2918,0.940848054
2919,0.808852251
2920,0.109301246
2921,0.352969126
2922,0.314481825
2923,0.469399181
2924,0.347101903
2925,0.0739497
2926,0.211221677
2927,0.13604406
2928,0.483556872
2929,0.1930702
2930,0.305884866
2931,0.914759312
2932,0.230215902
2933,0.921770948
2934,0.886486495
2935,0.288759965
2936,0.143569611
2937,0.556921656
2938,0.604918342
2939,0.52153584
2940,0.89705113
2941,0.297988595
2942,0.096908871
2943,0.984698052
2944,0.968311838
2945,0.383023883
2946,0.479963143
2947,0.280568459
2948,0.81989283
2949,0.744222234
2950,0.743832458
2951,0.115730898
2952,0.754594279
2953,0.545124969
2954,0.376271904
2955,0.306063427
2956,0.438577411
2957,0.191334002
2958,0.697418833
2959,0.31027227
2960,0.069180439
2961,0.687428298
2962,0.121342515
2963,0.044480672
2964,0.663307991
2965,0.934829382
2966,0.080375029
2967,0.432563611
2968,0.978538391
2969,0.25237316
2970,0.194805517
2971,0.768500396
2972,0.109973904
2973,0.645034766
2974,0.695605088
2975,0.746423901
2976,0.429841194
2977,0.437109255
2978,0.060107822
2979,0.471469822
2980,0.478829416
2981,0.547077454
2982,0.744857839
2983,0.233470083
2984,0.758333792
2985,0.825803042
2986,0.494345455
2987,0.876092868
2988,0.042604525
2989,0.940562013
2990,0.658240374
2991,0.8205137
2992,0.029708193
2993,0.763868661
2994,0.038821684
2995,0.832216143
2996,0.71418041
2997,0.407653046
2998,0.059160354
2999,0.919746698
3000,0.584869726
3001,0.034639724
3002,0.328979571
3003,0.583623318
3004,0.964606362
3005,0.249133492
3006,0.412671485
3007,0.875948439
3008,0.543821467
3009,0.339995049
3010,0.573518929
3011,0.572975667
3012,0.348850486
3013,0.886400077
3014,0.193583978
3015,0.029253283
3016,0.605707624
3017,0.982918682
3018,0.236878951
3019,0.883811649
3020,0.469743584
3021,0.533952978
3022,0.02086372
3023,0.88343621
3024,0.397835995
3025,0.050486854
3026,0.003661462
3027,0.516884384
3028,0.25312501
3029,0.637421589
3030,0.915548215
3031,0.002553414
3032,0.65784428
3033,0.235467582
3034,0.443988279
3035,0.842316735
3036,0.73651257
3037,0.061298116
3038,0.952400478
3039,0.162453649
3040,0.64224885
3041,0.367241486
3042,0.337187179
3043,0.560513628
3044,0.221630485
3045,0.327298623
3046,0.007714428
3047,0.708712816
3048,0.051224813
3049,0.93517269
3050,0.765486348
3051,0.83332511
3052,0.413815865
3053,0.071858806
3054,0.606166791
3055,0.618520885
3056,0.84759526
3057,0.096613959
3058,0.277457487
3059,0.419899972
3060,0.780980815
3061,0.892752013
3062,0.977787567
3063,0.440730187
3064,0.337498209
3065,0.012602455
3066,0.313646164
3067,0.921943764
3068,0.524363245
3069,0.653107404
3070,0.046669677
3071,0.744815202
3072,0.911956321
3073,0.652128929
3074,0.374156724
3075,0.762141469
3076,0.607156567
3077,0.970368106
3078,0.44547572
3079,0.824863267
3080,0.000261741
3081,0.22508291
3082,0.829120228
3083,0.311186831
3084,0.12190606
3085,0.737582976
3086,0.072400879
3087,0.264616492
3088,0.045533923
3089,0.873947238
3090,0.173351043
3091,0.151354662
3092,0.654964502
3093,0.195099007
3094,0.640423847
3095,0.548521348
3096,0.858999951
3097,0.612706443
3098,0.816106736
3099,0.605416618
3100,0.787854764
3101,0.482212142
3102,0.171263405
3103,0.009510069
3104,0.044868365
3105,0.948603316
3106,0.520404411
3107,0.145016881
3108,0.890453346
3109,0.731028082
3110,0.928198525
3111,0.12281752
3112,0.12737488
3113,0.448102633
3114,0.253941104
3115,0.443685575
3116,0.175414006
3117,0.13676157
3118,0.709813199
3119,0.513743504
3120,0.980963392
3121,0.652074538
3122,0.131484401
3123,0.834373522
3124,0.825266296
3125,0.875396131
3126,0.554712767
3127,0.603378111
3128,0.542150573
3129,0.351915248
3130,0.318846763
3131,0.833475221
3132,0.303136487
3133,0.165201824
3134,0.543370882
3135,0.310633139
3136,0.364040131
3137,0.587536481
3138,0.43812906
3139,0.576373035
3140,0.771175851
3141,0.64568658
3142,0.235744182
3143,0.785187141
3144,0.014860509
3145,0.646819921
3146,0.582456139
3147,0.832723867
3148,0.205937688
3149,0.070697959
3150,0.410993827
3151,0.391766966
3152,0.707246021
3153,0.509861759
3154,0.308706461
3155,0.697614243
3156,0.329881711
3157,0.6357364
3158,0.735723605
3159,0.306187407
3160,0.962968654
3161,0.936902451
3162,0.122090045
3163,0.610936118
3164,0.987508049
3165,0.629975878
3166,0.618151412
3167,0.791136392
3168,0.149575793
3169,0.906010918
3170,0.637435603
3171,0.435692391
3172,0.579608048
3173,0.5396038
3174,0.337565391
3175,0.106727423
3176,0.279393333
3177,0.949795637
3178,0.87042676
3179,0.098383072
3180,0.167989071
3181,0.037626331
3182,0.066234993
3183,0.945938326
3184,0.535512513
3185,0.714078775
3186,0.943483353
3187,0.290622005
3188,0.004750877
3189,0.231368726
3190,0.753935242
3191,0.735346352
3192,0.56467308
3193,0.800479495
3194,0.735256927
3195,0.966652676
3196,0.941903263
3197,0.084204161
3198,0.139631181
3199,0.378837992
3200,0.817354794
3201,0.160786686
3202,0.081459865
